section_id,cluster_km,cluster_hr,cluster_gm
way/4419934_0,5,0,3
way/7465870_1,2,4,2
way/7467942_2,4,4,4
way/7467944_3,0,0,0
way/7467959_4,3,0,3
way/7468424_5,3,3,3
way/7468434_6,5,0,5
way/7468435_7,0,0,0
way/7468437_8,4,4,4
way/7468438_9,5,0,0
way/7468441_10,0,0,0
way/7468442_11,0,0,0
way/7468446_12,0,0,0
way/7468457_13,3,3,3
way/7468516_14,5,0,0
way/7468518_15,0,0,0
way/7468527_16,1,5,1
way/7468529_17,1,5,1
way/7468535_18,1,5,1
way/7468540_19,0,0,0
way/7468592_20,4,4,4
way/7468598_21,0,5,0
way/7468607_22,1,5,1
way/7468615_23,0,5,0
way/7468617_24,3,3,3
way/7468623_25,0,5,0
way/7468624_26,0,5,0
way/7468631_27,5,0,5
way/7468632_28,3,4,3
way/7468634_29,4,0,4
way/7468653_31,0,0,4
way/7468656_32,0,0,0
way/7468666_33,0,0,0
way/7468667_34,0,5,0
way/7468679_35,0,0,0
way/7468704_37,1,5,1
way/7468712_38,5,5,0
way/7468718_39,1,5,1
way/7468720_40,0,5,0
way/7468722_41,5,3,5
way/7468729_42,1,5,1
way/7468733_43,5,0,5
way/7468737_44,1,5,1
way/7468738_45,0,4,0
way/7468743_46,0,5,0
way/7468753_47,0,0,0
way/7468763_48,0,5,0
way/7468766_49,5,0,5
way/7468778_52,0,5,0
way/7468793_53,0,0,0
way/7468813_55,2,3,2
way/7468829_56,4,4,4
way/7468830_57,3,3,3
way/7468832_58,3,3,3
way/7468834_59,2,2,2
way/7468842_61,0,0,0
way/7468843_62,3,3,3
way/7468867_63,2,3,2
way/7468871_64,2,2,2
way/7477806_65,3,3,3
way/7477809_66,5,5,5
way/7477967_67,4,4,4
way/7478195_69,3,3,3
way/7478237_70,3,3,3
way/7531946_72,2,2,2
way/7534638_74,2,4,2
way/7536672_75,3,3,3
way/7536676_76,4,3,4
way/7536693_77,4,4,4
way/7536815_78,2,4,2
way/7536837_79,3,4,3
way/7536840_80,0,0,0
way/7536846_81,3,4,3
way/7536850_82,2,2,2
way/7536854_83,0,0,0
way/7537062_84,4,4,4
way/7537205_85,3,3,2
way/7537208_86,0,5,0
way/7537213_87,3,3,3
way/7537223_88,1,5,0
way/7537227_89,1,5,1
way/7537233_90,1,0,1
way/7537238_91,5,5,0
way/7537369_92,1,5,1
way/7537370_93,0,5,0
way/7537372_94,4,4,4
way/7537415_96,3,3,3
way/7537420_97,4,4,4
way/7537423_98,3,3,3
way/7537425_99,4,4,4
way/7537481_100,5,5,0
way/7537485_101,0,5,0
way/7537486_102,0,0,0
way/7537487_103,1,5,1
way/7537515_104,5,5,0
way/7537516_105,1,5,1
way/7537518_106,0,5,0
way/7537532_107,5,3,4
way/7537541_108,3,3,3
way/7537564_109,0,4,0
way/7537569_110,1,5,1
way/7537570_111,0,0,0
way/7537573_112,4,4,4
way/7537578_113,1,5,1
way/7537579_114,0,5,0
way/7537582_115,0,0,0
way/7537586_116,0,0,0
way/7537591_117,5,0,5
way/7537607_118,3,3,3
way/7537612_119,5,0,0
way/7537620_120,5,0,0
way/7537629_121,2,3,2
way/7537630_122,2,3,2
way/7537640_124,4,4,4
way/7537696_126,0,1,0
way/7537698_127,0,5,0
way/7537755_128,4,3,4
way/7537762_129,0,5,0
way/7537787_130,0,0,0
way/7537789_131,4,4,4
way/7537816_132,0,5,0
way/7537820_133,0,5,0
way/7537821_134,3,3,3
way/7537825_135,0,0,0
way/7537843_136,0,0,0
way/7537844_137,0,0,0
way/7537850_138,0,0,0
way/7537862_139,0,0,0
way/7537893_140,0,0,0
way/7537899_141,3,3,3
way/7537924_142,0,0,0
way/7537933_143,4,4,4
way/7537935_144,4,4,4
way/7537940_145,2,3,2
way/7537941_146,5,0,5
way/7537953_147,0,0,0
way/7537959_148,3,3,3
way/7537998_149,1,1,1
way/7538002_151,1,5,1
way/7538003_152,1,1,1
way/7538008_153,1,1,1
way/7538010_154,1,5,1
way/7538012_155,1,1,1
way/7538014_156,0,5,0
way/7538015_157,0,0,0
way/7538016_158,4,4,4
way/7538022_159,1,5,0
way/7538028_160,0,5,0
way/7538030_161,0,5,1
way/7538031_162,4,4,4
way/7538032_163,3,3,3
way/7538035_164,5,5,0
way/7538038_165,0,0,0
way/7538047_166,1,1,1
way/7538049_167,1,5,1
way/7538053_168,1,5,0
way/7538064_169,1,5,1
way/7538065_170,0,5,1
way/7538075_171,1,5,1
way/7538087_172,0,5,0
way/7538088_173,0,5,0
way/7538090_174,4,4,4
way/7538094_175,3,3,3
way/7538099_176,1,1,1
way/7538138_178,1,5,1
way/7538158_179,1,5,1
way/7538195_181,1,5,1
way/7538197_182,0,0,0
way/7538201_183,0,5,0
way/7538205_184,1,1,1
way/7538207_185,0,5,0
way/7538209_186,1,1,1
way/7538210_187,0,5,0
way/7538212_188,1,5,1
way/7538244_191,5,0,0
way/7538247_192,0,5,0
way/7538252_193,0,5,0
way/7538254_194,3,3,3
way/7538259_195,0,5,0
way/7538267_196,0,5,0
way/7538273_197,0,5,0
way/7538275_198,5,5,5
way/7538286_199,4,4,4
way/7538297_200,1,5,0
way/7538305_201,0,0,0
way/7538307_202,4,4,4
way/7538308_203,1,5,1
way/7538315_205,1,5,0
way/7538318_206,0,5,0
way/7538319_207,1,5,1
way/7538329_208,5,0,5
way/7538339_210,3,3,3
way/7538344_211,5,5,5
way/7538352_212,1,1,1
way/7538364_214,1,1,1
way/7538371_216,3,0,3
way/7538452_217,3,3,3
way/7538453_218,1,1,1
way/7538456_219,1,1,1
way/7538457_220,1,1,1
way/7538460_221,1,1,1
way/7538464_222,1,1,1
way/7538475_223,1,5,1
way/7538477_224,5,5,5
way/7538478_225,1,1,1
way/7538486_226,1,1,1
way/7538491_227,0,5,0
way/7538509_228,1,1,1
way/7538513_229,0,0,0
way/7538517_230,5,5,0
way/7538518_231,1,1,1
way/7538524_232,5,1,5
way/7538530_233,1,1,1
way/7538538_234,1,5,1
way/7538542_236,0,5,0
way/7538543_237,1,5,1
way/7538548_238,5,0,5
way/7538552_241,1,1,1
way/7538555_242,0,5,0
way/7538556_243,1,1,1
way/7538558_244,1,1,1
way/7538559_245,1,1,1
way/7538560_246,1,1,1
way/7538564_247,1,1,1
way/7538573_248,1,1,1
way/7538574_249,1,1,1
way/7538584_250,3,3,3
way/7538586_251,1,1,1
way/7538588_252,1,1,1
way/7538592_254,1,5,1
way/7538593_255,1,5,1
way/7538595_256,1,1,1
way/7538598_258,5,5,5
way/7538609_261,1,1,1
way/7538623_262,1,1,1
way/7538625_263,1,1,1
way/7538632_264,0,0,0
way/7538633_265,1,1,1
way/7538638_266,0,5,0
way/7538640_267,1,5,1
way/7538642_268,1,1,1
way/7538644_269,1,5,1
way/7538646_270,5,1,5
way/7538647_271,1,1,1
way/7538651_272,1,1,1
way/7538653_273,0,0,0
way/7538656_274,0,0,0
way/7538657_275,0,5,0
way/7538659_276,1,1,1
way/7538666_278,1,1,1
way/7538678_280,0,0,0
way/7538682_281,1,1,1
way/7538685_282,1,1,1
way/7538687_283,1,1,1
way/7538694_285,1,1,1
way/7538718_287,1,5,0
way/7538722_288,1,1,1
way/7538726_289,1,5,1
way/7538729_290,1,1,1
way/7538730_291,1,1,1
way/7538735_292,1,1,1
way/7538742_293,1,5,1
way/7538756_294,1,1,1
way/7538757_295,1,1,1
way/7538762_296,1,1,1
way/7538765_297,1,1,1
way/7538771_299,1,1,1
way/7538772_300,1,1,1
way/7538774_302,1,1,1
way/7538777_303,1,1,1
way/7538780_304,5,0,5
way/7538796_307,1,0,1
way/7538800_308,5,5,5
way/7538804_309,1,1,1
way/7538806_310,1,1,1
way/7538811_311,1,1,1
way/7538814_313,1,1,1
way/7538817_314,1,1,1
way/7538820_315,1,1,1
way/7538830_317,1,1,1
way/7538841_319,1,1,1
way/7538851_322,0,5,0
way/7538854_323,1,1,1
way/7538856_324,5,1,1
way/7538867_327,1,1,1
way/7538871_328,1,1,1
way/7538876_329,1,1,1
way/7538894_330,1,1,1
way/7538902_331,1,1,1
way/7538903_332,1,1,1
way/7538913_333,1,1,1
way/7538936_337,1,1,1
way/7538937_338,1,1,1
way/7538940_339,1,1,1
way/7538946_340,1,1,1
way/7538950_341,1,5,1
way/7538969_342,1,1,1
way/7538972_343,1,1,1
way/7538991_345,1,1,1
way/7538993_346,1,1,1
way/7538999_348,3,3,3
way/7539012_349,1,1,1
way/7539013_350,1,1,1
way/7539028_353,1,1,1
way/7539030_354,1,1,1
way/7539037_356,1,1,1
way/7539038_357,1,1,1
way/7539039_358,1,1,1
way/7539042_359,1,1,1
way/7539049_361,1,1,1
way/7539050_362,1,1,1
way/7539067_368,1,1,1
way/7539084_371,3,3,4
way/7539096_372,4,3,4
way/7539132_374,0,5,0
way/7539137_375,1,5,1
way/7539141_376,0,0,0
way/7539144_377,0,0,0
way/7539157_378,1,5,1
way/7539158_379,5,0,0
way/7539159_380,0,0,0
way/7539165_381,1,5,1
way/7539183_382,0,0,0
way/7539208_383,0,0,0
way/7539229_384,0,5,0
way/7539234_385,3,3,3
way/7539241_386,5,0,5
way/7539259_387,5,0,5
way/7539260_388,1,1,1
way/7539286_390,3,3,3
way/7539288_391,0,0,0
way/7539292_392,3,3,3
way/7539293_393,3,3,0
way/7539306_394,0,0,0
way/7539322_396,1,0,1
way/7539327_397,5,0,5
way/7539334_398,0,0,0
way/7539339_399,5,0,5
way/7539340_400,0,0,0
way/7539363_401,0,0,0
way/7539368_402,4,4,4
way/7539369_403,0,0,0
way/7539386_404,5,0,5
way/7539403_406,5,0,5
way/7539445_407,3,3,3
way/7539569_408,0,0,0
way/7539581_409,3,5,3
way/7539589_410,3,0,3
way/7539597_411,5,3,5
way/7539600_412,5,0,0
way/7539602_413,5,3,3
way/7539603_414,0,0,0
way/7539616_415,3,3,3
way/7539630_416,0,0,0
way/7539632_417,1,5,1
way/7539642_418,0,0,0
way/7539654_419,5,3,5
way/7539659_420,5,0,5
way/7539674_421,2,3,2
way/7539681_422,5,5,0
way/7539686_423,4,3,4
way/7539694_424,4,3,4
way/7539695_425,3,3,3
way/7539702_426,3,3,3
way/7539703_427,0,0,0
way/7539704_428,5,3,5
way/7539709_429,5,0,0
way/7539712_430,0,0,5
way/7539714_431,5,0,5
way/7539716_432,5,0,0
way/7539720_433,5,0,5
way/7539741_434,3,3,4
way/7539744_435,4,3,4
way/7539747_436,4,4,4
way/7539752_437,3,3,3
way/7539787_438,0,0,0
way/7539795_439,0,0,0
way/7539798_440,0,0,0
way/7539814_441,0,0,0
way/7539819_442,0,0,0
way/7539834_443,4,0,4
way/7539865_444,4,0,4
way/7539866_445,4,0,4
way/7539881_446,0,0,0
way/7539889_447,0,0,0
way/7539901_448,5,0,0
way/7539905_449,5,0,0
way/7539909_450,0,0,0
way/7539922_451,5,0,0
way/7539926_452,5,0,0
way/7539936_454,0,0,0
way/7539955_456,0,0,0
way/7539959_457,0,0,0
way/7539971_458,0,0,0
way/7539982_461,0,0,0
way/7539984_462,0,0,0
way/7539985_463,5,0,0
way/7539987_464,0,0,0
way/7539990_465,0,0,0
way/7540006_466,5,0,5
way/7540007_467,0,0,0
way/7540013_468,0,0,0
way/7540017_469,5,0,0
way/7540020_470,5,0,0
way/7540025_471,5,5,0
way/7540034_472,5,0,5
way/7540041_473,0,0,0
way/7540050_474,5,0,0
way/7540058_475,1,1,1
way/7540061_476,0,0,0
way/7540070_478,5,0,0
way/7540072_479,5,0,0
way/7540079_481,0,0,0
way/7540087_482,5,0,0
way/7540088_483,0,0,0
way/7540089_484,0,0,0
way/7540092_485,0,0,0
way/7540099_486,5,0,5
way/7540105_488,5,0,0
way/7540109_489,5,0,0
way/7540125_492,5,0,0
way/7540126_493,5,0,5
way/7540129_494,5,0,5
way/7540171_497,0,0,5
way/7540200_498,4,4,4
way/7540201_499,3,4,3
way/7540238_500,5,0,5
way/7540246_501,4,3,4
way/7540247_502,0,0,0
way/7540256_503,0,0,0
way/7540260_504,0,0,0
way/7540351_505,0,0,0
way/7540369_506,0,0,0
way/7540378_507,5,5,0
way/7540386_508,0,0,0
way/7540403_509,0,0,0
way/7540404_510,0,0,0
way/7540408_511,5,0,5
way/7540410_512,5,1,5
way/7540414_513,5,0,5
way/7540417_514,0,0,0
way/7540418_515,5,5,0
way/7540429_516,0,0,0
way/7540478_517,0,0,0
way/7540497_518,0,0,0
way/7540503_519,0,0,0
way/7540509_520,0,0,0
way/7540517_521,5,0,0
way/7540522_522,5,0,0
way/7540523_523,0,0,0
way/7540529_524,0,0,0
way/7540533_525,4,4,4
way/7540534_526,0,0,0
way/7540560_527,0,0,0
way/7540617_528,5,0,5
way/7540618_529,0,0,0
way/7540620_530,0,0,0
way/7540627_531,0,0,0
way/7540645_532,0,0,0
way/7540664_533,4,4,4
way/7540665_534,0,0,0
way/7540668_535,3,3,3
way/7540672_536,0,0,0
way/7540674_537,5,0,0
way/7540684_538,0,0,0
way/7540690_539,5,0,5
way/7540700_540,0,0,0
way/7540705_541,0,0,0
way/7540722_542,0,0,0
way/7540726_543,5,0,0
way/7540728_544,5,0,5
way/7540734_545,0,0,0
way/7540737_546,5,0,0
way/7540757_547,0,0,0
way/7540770_548,0,0,0
way/7540779_549,5,0,5
way/7540806_550,5,1,0
way/7540807_551,0,0,0
way/7540809_552,5,1,5
way/7540824_553,0,0,0
way/7540830_554,0,0,3
way/7540832_555,5,0,0
way/7540833_556,0,0,0
way/7540840_557,0,0,0
way/7540875_558,5,1,0
way/7540920_559,5,0,5
way/7540963_560,0,0,0
way/7540968_561,0,0,0
way/7540985_562,0,0,0
way/7540993_563,0,0,0
way/7540997_564,0,0,0
way/7540999_565,5,0,5
way/7541003_566,0,0,0
way/7541010_567,0,0,0
way/7541014_568,0,0,0
way/7541037_569,4,3,4
way/7541050_571,4,4,4
way/7541051_572,4,4,4
way/7541064_573,4,4,4
way/7541070_574,3,3,3
way/7541090_575,4,4,4
way/7541101_577,4,4,4
way/7541125_578,4,4,4
way/7541134_579,0,0,0
way/7541168_580,5,0,5
way/7541196_581,5,0,0
way/7541238_582,4,4,4
way/7541255_583,0,0,4
way/7541275_584,5,0,0
way/7541276_585,0,0,0
way/7541292_586,0,0,0
way/7541298_587,5,0,0
way/7541299_588,0,0,0
way/7541300_589,0,0,0
way/7541301_590,0,0,0
way/7541304_591,0,0,0
way/7541305_592,5,0,0
way/7541310_593,0,0,0
way/7541317_594,0,0,0
way/7541323_596,0,5,0
way/7541329_597,0,0,0
way/7541342_598,0,0,0
way/7541347_599,3,3,3
way/7541359_600,4,4,4
way/7541413_601,0,0,0
way/7541422_602,5,0,0
way/7541442_604,4,3,4
way/7541443_605,0,0,0
way/7541448_606,0,0,0
way/7541457_607,0,0,0
way/7541482_608,5,0,0
way/7541500_610,4,0,4
way/7541502_611,0,0,0
way/7541505_613,5,0,0
way/7541512_614,0,0,0
way/7541520_615,0,0,0
way/7541523_616,0,0,0
way/7541539_617,5,0,5
way/7541547_618,4,3,4
way/7541548_619,0,0,0
way/7541626_621,0,5,0
way/7541627_622,0,0,0
way/7541630_623,0,0,0
way/7541637_624,0,0,5
way/7541665_626,0,0,0
way/7541673_627,5,0,5
way/7541681_628,0,0,0
way/7541682_629,5,0,5
way/7541683_630,5,3,3
way/7541686_631,0,5,0
way/7541692_632,0,0,0
way/7541696_633,5,0,5
way/7541699_634,0,0,0
way/7541701_635,5,0,0
way/7541703_636,4,4,4
way/7541704_637,0,0,0
way/7541705_638,5,0,5
way/7541712_640,0,0,0
way/7541719_642,3,3,3
way/7541720_643,2,2,2
way/7541724_644,0,0,0
way/7541728_645,3,3,3
way/7541729_646,1,5,1
way/7541730_647,0,5,1
way/7541734_648,4,3,4
way/7541735_649,5,3,5
way/7541742_651,1,5,1
way/7541743_652,0,0,0
way/7541746_653,3,3,3
way/7541750_654,0,0,0
way/7541762_655,4,4,4
way/7541771_656,0,0,0
way/7541777_657,0,0,0
way/7541779_658,3,3,3
way/7541784_659,0,0,0
way/7541812_660,1,1,1
way/7541813_661,0,0,0
way/7541818_662,1,1,1
way/7541827_663,0,0,0
way/7541830_665,0,0,0
way/7541834_666,1,5,1
way/7541837_667,4,4,4
way/7541840_668,5,0,5
way/7541843_669,0,0,0
way/7541855_671,0,5,0
way/7541919_673,2,3,2
way/7541957_674,0,0,0
way/7541959_675,4,4,4
way/7541964_676,1,5,1
way/7541966_677,0,5,0
way/7541970_678,1,5,1
way/7541971_679,0,5,0
way/7541972_680,1,5,1
way/7541976_681,0,5,0
way/7541979_682,1,5,0
way/7541981_683,0,5,0
way/7541986_684,1,5,1
way/7541987_685,0,5,0
way/7541988_686,0,5,0
way/7541989_687,1,1,1
way/7541992_688,1,1,1
way/7541996_689,0,5,0
way/7541997_690,1,5,1
way/7542000_691,1,5,1
way/7542006_692,1,5,1
way/7542008_693,4,4,4
way/7542011_694,1,5,1
way/7542013_695,0,5,1
way/7542024_696,0,5,0
way/7542036_697,5,0,0
way/7542037_698,0,0,0
way/7542041_699,0,0,0
way/7542042_700,5,1,5
way/7542054_701,0,0,0
way/7542058_702,0,0,0
way/7542060_703,5,5,5
way/7542061_704,0,0,0
way/7542062_705,1,1,1
way/7542064_706,1,5,1
way/7542066_707,1,5,1
way/7542068_708,1,5,0
way/7542070_709,1,5,0
way/7542071_710,0,5,0
way/7542074_711,1,5,1
way/7542078_712,0,5,0
way/7542083_713,5,0,0
way/7542087_715,3,3,3
way/7542089_716,5,1,5
way/7542090_717,1,1,1
way/7542091_718,0,0,0
way/7542092_719,0,5,0
way/7542098_720,4,4,4
way/7542105_721,1,5,1
way/7542107_722,1,1,1
way/7542109_723,1,5,1
way/7542112_725,1,5,0
way/7542120_727,5,1,5
way/7542121_728,5,1,5
way/7542130_729,0,5,0
way/7542134_730,0,0,0
way/7542140_731,1,5,1
way/7542144_732,0,5,0
way/7542145_733,0,0,4
way/7542149_734,4,3,4
way/7542159_736,5,0,5
way/7542161_737,0,0,5
way/7542164_738,3,4,3
way/7542178_740,0,0,0
way/7542180_741,0,0,0
way/7542183_742,5,1,5
way/7542189_744,1,5,1
way/7542190_745,1,1,1
way/7542192_746,0,5,0
way/7542205_747,1,5,0
way/7542206_748,0,0,0
way/7542209_749,0,5,0
way/7542211_750,5,0,5
way/7542213_751,4,3,4
way/7542217_752,0,5,0
way/7542236_754,0,5,0
way/7542238_755,1,1,1
way/7542247_756,1,1,1
way/7542248_757,1,5,0
way/7542269_758,4,4,4
way/7542271_759,0,0,0
way/7542279_760,5,1,5
way/7542295_761,0,5,0
way/7542304_762,0,5,0
way/7542331_764,0,5,0
way/7542339_765,0,5,0
way/7542358_767,5,5,1
way/7542362_768,0,5,0
way/7542366_770,0,5,0
way/7542372_771,0,5,0
way/7542374_772,1,1,1
way/7542390_775,3,3,3
way/7542424_776,5,5,0
way/7542426_777,3,3,3
way/7542428_778,0,5,0
way/7542430_779,0,0,0
way/7542432_780,5,5,0
way/7542434_781,5,0,5
way/7542437_782,0,0,0
way/7542439_783,4,4,4
way/7542444_784,0,0,0
way/7542446_785,3,3,3
way/7542449_786,5,0,0
way/7542450_787,5,0,0
way/7542464_789,0,0,0
way/7542465_790,0,5,0
way/7542466_791,0,5,0
way/7542469_792,4,4,4
way/7542483_794,1,0,1
way/7542485_795,0,0,0
way/7542488_796,5,5,0
way/7542490_797,0,0,0
way/7542494_798,4,4,4
way/7542495_799,4,4,4
way/7542497_800,5,0,5
way/7542499_801,0,5,0
way/7542500_802,0,0,0
way/7542502_803,1,3,1
way/7542512_804,0,0,0
way/7542521_805,0,0,0
way/7542523_806,0,0,0
way/7542529_808,0,5,0
way/7542533_809,5,0,5
way/7542547_815,0,5,0
way/7542551_816,5,0,5
way/7542556_817,0,0,0
way/7542557_818,5,5,0
way/7542558_819,3,3,3
way/7542565_820,4,4,4
way/7542574_822,0,0,0
way/7542576_823,0,0,3
way/7542591_824,0,0,0
way/7542604_825,0,0,0
way/7542616_829,0,0,0
way/7542618_830,5,0,5
way/7542625_832,0,5,0
way/7542626_833,0,5,0
way/7542640_835,5,5,5
way/7542644_836,0,5,0
way/7542647_837,0,5,0
way/7542648_838,0,0,0
way/7542660_840,3,3,3
way/7542681_841,5,5,0
way/7542684_842,0,5,0
way/7542685_843,5,0,5
way/7542686_844,5,5,0
way/7542703_845,0,0,0
way/7542794_846,5,0,5
way/7542856_847,5,0,0
way/7542968_849,0,0,5
way/23137118_850,5,4,5
way/23146624_851,4,3,4
way/24168874_852,3,3,3
way/24409021_853,2,2,2
way/24416664_854,2,2,2
way/24416691_855,2,2,2
way/24611307_856,0,0,0
way/24977226_857,5,0,0
way/24977228_858,5,0,5
way/26442670_860,4,3,4
way/28347285_864,3,3,3
way/28372525_865,1,1,1
way/28390514_866,1,1,1
way/28431660_868,4,4,4
way/28431662_869,2,2,2
way/28675312_871,0,5,0
way/28689980_872,1,1,1
way/28690633_873,2,2,2
way/29248728_874,0,0,0
way/29997747_875,2,3,2
way/30861348_877,0,0,0
way/31055929_880,2,2,2
way/31989939_881,4,3,4
way/31989940_882,4,3,4
way/32398331_883,4,0,4
way/32545407_884,0,0,0
way/32545860_885,1,3,1
way/37741105_886,0,0,0
way/38027906_887,5,0,0
way/39187299_888,3,0,3
way/39187302_890,3,5,3
way/39941510_891,1,3,1
way/40188145_892,1,5,1
way/40214071_894,1,1,1
way/40214704_895,1,1,1
way/40215152_897,5,1,5
way/40865151_898,0,0,0
way/41215644_899,0,5,0
way/41215647_900,3,3,3
way/41225859_901,4,4,4
way/41281863_902,4,3,4
way/41549652_903,5,5,5
way/41728333_904,2,2,2
way/41758095_905,0,5,0
way/41831322_906,2,2,2
way/41831324_907,2,2,2
way/42165275_909,3,3,3
way/42901145_911,0,0,0
way/42901147_912,5,0,0
way/42901154_914,0,0,0
way/43497140_915,0,5,0
way/43555051_916,1,5,1
way/43659030_917,5,0,5
way/44015200_918,3,3,3
way/44015202_919,4,4,3
way/44016129_920,0,5,0
way/44431639_921,5,0,5
way/44447683_923,5,3,3
way/44447684_924,3,3,3
way/44619733_927,5,0,5
way/45671390_929,5,5,5
way/45671392_930,4,4,4
way/46046076_931,3,3,3
way/46554843_934,0,0,0
way/46929879_935,1,5,1
way/46932563_936,5,0,0
way/47246535_938,0,0,0
way/47515256_939,0,5,0
way/47958012_941,1,1,1
way/47982479_942,4,4,4
way/47982480_943,3,3,3
way/47982483_944,3,3,3
way/47982484_945,3,3,3
way/47985021_947,0,5,0
way/47985022_948,0,5,0
way/48001194_949,3,3,3
way/48001195_950,3,3,3
way/48001196_951,0,5,0
way/48001197_952,3,3,3
way/48001199_954,3,3,3
way/48001200_955,1,5,1
way/48002813_956,3,3,3
way/48058933_959,4,4,4
way/48200909_960,4,4,4
way/48256403_961,3,3,3
way/48654500_962,0,0,0
way/48688449_963,3,0,3
way/48688450_964,0,5,0
way/48918951_965,5,0,5
way/48952999_966,2,3,2
way/49071321_967,3,3,3
way/49290453_968,3,3,3
way/49294002_969,1,1,1
way/49532380_976,3,3,3
way/49532381_977,3,3,3
way/49532927_978,0,0,0
way/49582452_979,5,0,5
way/49582457_980,5,0,5
way/49600167_981,0,5,0
way/49600644_982,5,0,5
way/49602409_984,3,3,3
way/50569306_985,3,3,4
way/50569339_986,3,3,3
way/50569350_987,3,3,3
way/50569383_988,0,0,0
way/50569387_989,5,5,0
way/50569487_990,3,3,3
way/50598673_991,4,4,4
way/51995491_993,5,0,5
way/52034415_994,1,1,1
way/52092405_998,4,3,4
way/52161121_999,1,5,1
way/52474500_1000,0,0,0
way/52522244_1001,1,5,1
way/52842087_1004,0,0,0
way/52866644_1005,1,5,1
way/53857408_1006,1,5,1
way/53857409_1007,5,0,5
way/57726568_1008,0,5,0
way/59298465_1009,2,3,2
way/59619609_1010,3,3,3
way/59619623_1011,4,4,4
way/60302728_1013,5,0,5
way/60382253_1014,0,0,0
way/60384926_1015,4,4,4
way/60507472_1017,3,3,4
way/60544255_1018,0,5,0
way/64526866_1021,4,4,4
way/64526869_1022,4,4,4
way/64668761_1023,1,1,1
way/74173120_1028,1,1,1
way/74976134_1030,2,2,2
way/75310344_1032,5,3,0
way/76254565_1034,4,4,4
way/77809390_1035,5,3,5
way/77809679_1036,4,4,4
way/78379718_1037,1,1,1
way/79566584_1038,2,3,2
way/80300338_1039,1,5,1
way/83378028_1040,0,5,5
way/83378033_1041,5,0,5
way/83378035_1042,3,0,3
way/83378040_1043,5,0,5
way/85619618_1045,0,0,0
way/85619622_1046,0,5,0
way/87366368_1048,0,0,0
way/87399507_1050,0,0,0
way/87399546_1051,0,4,0
way/110084691_1057,4,0,4
way/110084699_1058,3,3,3
way/110084706_1059,4,4,4
way/110084709_1060,4,0,4
way/111212068_1061,4,0,4
way/111269665_1063,1,3,3
way/111269667_1064,3,3,3
way/111325131_1065,3,3,3
way/113227130_1066,3,3,3
way/117404500_1067,5,0,5
way/119185346_1068,3,3,3
way/119197743_1069,0,5,5
way/119197752_1070,5,5,5
way/119197778_1071,5,5,5
way/119368354_1072,5,5,0
way/119368386_1075,5,0,5
way/119368402_1076,5,0,5
way/119368403_1077,5,0,5
way/120925443_1078,1,1,1
way/120945066_1079,2,2,2
way/120945068_1080,2,2,2
way/120945069_1081,2,2,2
way/120945071_1082,2,2,2
way/121033367_1083,4,4,4
way/121033368_1084,4,4,4
way/121033369_1085,4,4,4
way/121531290_1087,3,3,3
way/121647181_1088,3,3,3
way/121940859_1089,4,4,4
way/122779364_1092,5,0,5
way/124197681_1094,0,0,0
way/125099546_1097,5,0,5
way/125099549_1098,5,0,0
way/125219667_1102,1,1,1
way/125219673_1106,1,1,1
way/125219682_1112,3,3,3
way/125219693_1118,1,1,1
way/125219715_1121,1,1,1
way/125227114_1122,1,1,1
way/125227119_1124,1,1,1
way/125227122_1125,1,1,1
way/125227136_1129,5,0,5
way/125227143_1130,5,3,3
way/125227144_1131,3,3,3
way/125227147_1132,4,4,4
way/125227150_1133,3,3,3
way/125227153_1134,1,1,1
way/125227155_1135,3,3,3
way/125410967_1136,0,0,0
way/126548650_1137,2,2,2
way/126548651_1138,2,2,2
way/126548653_1139,2,2,2
way/126548655_1141,2,2,2
way/126548660_1142,2,2,2
way/126548664_1143,2,2,2
way/126548672_1144,2,2,2
way/126548681_1145,2,2,2
way/126548682_1146,2,2,2
way/126548683_1147,2,2,2
way/126548684_1148,3,3,3
way/126548686_1149,2,2,2
way/126548689_1150,2,2,2
way/126548691_1151,2,2,2
way/126548692_1152,2,3,2
way/126548693_1153,2,2,2
way/126548702_1154,3,3,3
way/126548703_1155,4,4,4
way/126548705_1157,2,2,2
way/126548706_1158,2,3,2
way/126548709_1159,3,3,3
way/126548714_1161,2,2,2
way/126550607_1162,4,4,4
way/126550608_1163,3,3,3
way/126550609_1164,3,3,3
way/126550612_1167,4,4,4
way/126550614_1168,4,4,4
way/126553704_1171,2,2,2
way/126553709_1172,2,2,2
way/126553714_1173,2,2,2
way/126553723_1174,2,2,2
way/126553727_1175,2,2,2
way/126553730_1176,2,2,2
way/126553746_1178,4,4,4
way/126553747_1179,4,4,4
way/126556929_1184,2,2,2
way/126556931_1185,2,2,2
way/126556934_1186,2,2,2
way/126556935_1187,2,2,2
way/126556938_1188,2,2,2
way/126556941_1189,2,2,2
way/126556948_1191,2,2,2
way/126556953_1192,2,2,2
way/126562960_1194,5,3,0
way/126562962_1195,3,3,3
way/126562966_1196,3,0,3
way/126562970_1197,3,3,3
way/126562971_1198,3,3,3
way/126562972_1199,4,3,4
way/126562973_1200,5,0,5
way/126562979_1202,2,2,2
way/126562980_1203,4,4,4
way/126562982_1205,2,2,2
way/126562984_1206,2,2,2
way/126562987_1208,2,2,2
way/126562991_1210,3,3,3
way/126562993_1211,2,2,2
way/126562994_1212,2,2,2
way/126562996_1214,2,2,2
way/126562997_1215,2,2,2
way/126562998_1216,0,0,0
way/126563001_1217,3,3,3
way/126563002_1218,4,4,4
way/126563005_1221,4,4,4
way/126563006_1222,3,3,3
way/126563008_1224,2,3,2
way/126563009_1225,3,3,3
way/126563010_1226,2,3,2
way/126563011_1227,4,3,4
way/126563019_1230,3,3,3
way/126836024_1234,2,2,2
way/127439566_1238,1,5,1
way/127439575_1239,1,5,0
way/127439582_1241,4,3,4
way/127439586_1242,0,5,1
way/127827754_1247,3,3,3
way/127827756_1248,3,0,3
way/127827762_1250,3,3,3
way/127827782_1254,3,4,3
way/127827818_1257,3,3,3
way/127827824_1258,4,4,4
way/127827850_1262,5,0,5
way/127827874_1263,3,3,3
way/127827876_1265,3,3,3
way/127827884_1269,4,4,4
way/127827888_1270,4,3,4
way/127827919_1271,3,3,3
way/127827944_1273,4,3,4
way/128680596_1274,3,3,3
way/128681948_1275,2,2,2
way/128799153_1276,3,0,0
way/129801969_1277,0,5,0
way/129866833_1278,4,4,4
way/129969049_1279,4,4,4
way/129994528_1280,0,5,0
way/130098526_1281,4,4,4
way/130098573_1282,4,4,4
way/130098575_1283,5,3,5
way/130098585_1285,3,3,3
way/130098587_1287,3,3,3
way/130277908_1291,0,5,0
way/130277916_1292,0,5,0
way/130410466_1294,0,0,0
way/130410469_1296,0,0,0
way/130410492_1299,0,5,0
way/130448818_1301,4,4,4
way/131037458_1302,5,3,5
way/131037459_1303,5,3,5
way/131633327_1306,3,3,3
way/131635847_1307,0,0,0
way/131635848_1308,4,4,4
way/131635850_1310,5,0,5
way/131635857_1314,5,5,0
way/131635858_1315,3,3,3
way/131635862_1317,4,4,4
way/131635863_1318,0,5,0
way/131635865_1319,3,0,3
way/131635866_1320,2,2,2
way/131635870_1321,5,0,5
way/131635875_1322,4,4,4
way/131635887_1325,3,3,3
way/131635890_1326,0,5,0
way/131635892_1327,3,3,3
way/131635894_1328,0,0,0
way/131635895_1329,2,4,2
way/131635908_1333,3,3,3
way/131635909_1334,2,3,2
way/131656652_1336,2,4,2
way/131660731_1337,2,3,2
way/133507446_1342,0,0,0
way/134102666_1344,5,5,3
way/134657830_1348,1,5,1
way/137526723_1352,5,0,5
way/137721256_1354,3,3,3
way/137735793_1355,3,3,3
way/138263334_1358,4,0,4
way/138360195_1361,4,4,4
way/138360196_1362,4,4,4
way/138360205_1363,4,4,4
way/138360211_1364,4,4,4
way/138360238_1365,0,0,0
way/138400312_1366,2,3,2
way/138400324_1367,4,4,4
way/138410317_1369,4,4,4
way/138457486_1371,0,0,0
way/138605959_1372,3,3,3
way/138605965_1373,5,0,5
way/138605970_1374,5,5,0
way/138605971_1375,5,0,5
way/138605981_1376,0,0,0
way/138605988_1377,5,1,5
way/138605993_1378,5,1,0
way/138606009_1379,0,0,0
way/138606012_1380,5,0,5
way/138606021_1381,0,0,0
way/139613909_1383,5,1,5
way/139613916_1388,1,1,1
way/140541375_1394,5,5,5
way/140545937_1395,5,5,0
way/141845767_1398,1,0,1
way/141845768_1399,1,1,1
way/141845771_1400,5,5,0
way/141845773_1401,0,5,0
way/141845788_1402,0,0,0
way/141845791_1403,5,1,5
way/141845792_1404,5,1,5
way/141845794_1405,0,0,0
way/141845795_1406,1,1,1
way/141845797_1407,0,5,0
way/141845802_1408,1,5,1
way/141845812_1410,1,0,1
way/141845821_1411,5,1,1
way/141845828_1412,1,1,1
way/141845836_1413,1,1,1
way/141845840_1414,1,1,1
way/141845842_1415,0,0,0
way/141845845_1416,1,1,1
way/141845849_1417,0,0,0
way/141845850_1418,1,1,1
way/142378658_1419,5,1,5
way/142378660_1420,3,3,3
way/142378661_1421,3,3,3
way/142823209_1422,0,0,0
way/142823211_1423,3,3,3
way/142823212_1424,3,3,3
way/142823215_1425,2,3,2
way/142823219_1427,0,0,0
way/142823220_1428,5,0,0
way/142823222_1429,5,0,5
way/142823224_1430,5,0,0
way/142823233_1432,3,3,3
way/142823234_1433,2,2,2
way/142823237_1434,3,3,3
way/142823238_1435,2,3,2
way/142823242_1438,0,0,0
way/142823247_1441,4,0,4
way/143091383_1443,4,4,4
way/143091514_1444,5,0,5
way/143091521_1445,0,0,0
way/143091527_1446,0,0,0
way/143130078_1447,5,1,1
way/143130097_1448,5,1,5
way/143130104_1449,0,0,0
way/143130123_1450,5,0,5
way/143130130_1452,0,0,0
way/143130132_1453,0,0,0
way/143130140_1456,5,1,5
way/143130144_1457,5,0,5
way/143130153_1460,5,1,5
way/143130154_1461,1,1,1
way/143130173_1462,0,0,0
way/143130175_1463,5,1,5
way/143130177_1464,5,1,1
way/143130192_1465,0,0,0
way/143130203_1466,5,0,5
way/143317814_1467,2,4,2
way/143373550_1469,0,4,0
way/143448505_1470,0,0,0
way/143448516_1471,0,5,0
way/143448528_1472,1,1,1
way/143448537_1473,3,3,3
way/143448550_1474,5,5,0
way/143448564_1475,5,5,0
way/143448571_1476,4,4,4
way/143448577_1477,0,0,0
way/143448620_1478,1,1,1
way/143448637_1479,1,5,1
way/143470375_1483,5,5,0
way/143470376_1484,0,0,0
way/143470387_1485,5,5,0
way/143470389_1486,5,0,5
way/143470403_1487,1,1,1
way/143470409_1488,4,3,4
way/143478464_1489,0,0,0
way/143478508_1490,0,0,0
way/143478531_1491,0,0,0
way/143478534_1492,0,0,0
way/143478563_1493,0,0,0
way/143478597_1494,0,0,0
way/143478600_1495,0,0,0
way/143558809_1497,5,0,0
way/143558815_1498,4,4,4
way/143558826_1500,5,5,5
way/143558849_1501,0,0,0
way/143558947_1502,5,5,0
way/143558948_1503,5,0,0
way/143558951_1504,5,5,0
way/143558954_1505,5,1,5
way/143558956_1507,5,1,5
way/143558960_1508,0,0,0
way/143558964_1509,5,1,5
way/143558968_1510,5,0,5
way/143558979_1511,5,0,5
way/143558984_1513,0,0,0
way/143558985_1514,0,0,0
way/143558998_1515,0,0,0
way/143559001_1516,5,0,5
way/143566205_1517,4,4,4
way/143566210_1518,3,3,3
way/143566216_1519,4,4,4
way/143566233_1520,0,0,0
way/143566264_1521,0,0,0
way/143566273_1522,0,0,0
way/143566281_1523,0,0,0
way/143566282_1524,4,0,4
way/143566285_1525,1,1,1
way/143566291_1526,1,5,1
way/143566328_1527,4,4,4
way/143566435_1528,3,0,3
way/143566449_1530,3,3,3
way/143566457_1531,5,0,3
way/143566462_1532,0,5,0
way/143566463_1533,0,0,0
way/143566478_1534,0,0,0
way/143566483_1535,0,0,0
way/143566490_1536,0,0,0
way/143566501_1537,5,5,3
way/143566502_1538,3,3,4
way/143566511_1539,0,0,0
way/143566583_1540,0,0,0
way/143566607_1541,0,0,0
way/143574132_1542,5,0,5
way/143574155_1543,4,4,4
way/143574165_1544,3,3,3
way/143574175_1545,0,5,0
way/143574180_1546,0,5,0
way/143950770_1548,0,0,0
way/143950774_1550,1,1,1
way/143950777_1552,1,1,1
way/143950783_1555,0,5,0
way/144078073_1557,0,0,0
way/144078782_1558,5,5,0
way/144080750_1561,1,1,1
way/144081445_1562,1,1,1
way/144082098_1564,0,0,0
way/144434099_1573,0,5,0
way/144510108_1574,5,1,5
way/144512938_1576,1,1,1
way/144513371_1578,0,5,0
way/144520396_1579,1,3,1
way/144879491_1581,5,0,5
way/144911639_1582,0,0,0
way/144917582_1583,5,0,5
way/144917583_1584,5,0,5
way/144917588_1585,5,0,0
way/144917597_1586,0,0,0
way/144917608_1587,5,0,5
way/144917611_1588,4,4,4
way/144917616_1589,5,0,5
way/144917617_1590,5,0,5
way/144917633_1592,5,0,5
way/144917647_1593,0,0,0
way/144917653_1594,0,0,0
way/144917654_1595,5,5,5
way/144919695_1598,0,0,0
way/144919697_1599,5,0,0
way/144919701_1601,0,0,0
way/144919702_1602,5,3,5
way/144919707_1603,3,0,3
way/144919712_1604,4,0,4
way/144919726_1605,5,0,0
way/144919727_1606,5,0,5
way/144929279_1608,0,0,0
way/144976709_1611,0,0,0
way/144976712_1612,0,0,0
way/144982624_1613,5,0,0
way/144982630_1614,0,0,0
way/144982631_1615,5,0,0
way/144987050_1616,0,0,0
way/144987051_1617,0,0,0
way/144987054_1618,5,0,0
way/144987068_1620,5,1,5
way/144988739_1621,5,0,0
way/147699423_1622,0,0,0
way/147699424_1623,5,0,5
way/147699425_1624,5,0,0
way/147699426_1625,0,0,0
way/147699428_1626,0,0,0
way/147699429_1627,0,0,0
way/147699430_1628,5,0,0
way/147699432_1629,4,4,4
way/147699433_1630,4,0,4
way/147699437_1631,0,0,0
way/147699439_1632,0,0,0
way/147699440_1633,0,0,0
way/147699443_1634,5,0,5
way/147699445_1635,0,0,0
way/147699447_1636,0,0,0
way/147699448_1637,0,0,0
way/147699451_1638,5,0,0
way/147699452_1639,0,0,5
way/147699453_1640,5,0,0
way/147699454_1641,0,0,0
way/147699456_1642,0,0,0
way/147699457_1643,0,0,0
way/147699459_1644,0,0,0
way/147699461_1645,0,0,0
way/147699463_1647,0,0,0
way/147699464_1648,0,0,0
way/147699465_1649,0,0,0
way/147699466_1650,5,0,5
way/147699468_1651,4,4,4
way/148064742_1652,3,3,3
way/148968930_1656,3,3,3
way/149050276_1662,4,3,4
way/149050296_1663,5,3,3
way/151299725_1664,3,3,3
way/152550633_1667,2,2,2
way/152550637_1668,2,2,2
way/152550639_1669,2,2,2
way/152550642_1670,2,2,2
way/154201623_1672,0,0,0
way/154201625_1673,4,4,4
way/154250668_1674,0,0,0
way/154250670_1675,0,0,0
way/154250681_1676,0,0,0
way/154250684_1677,5,0,0
way/154250689_1678,5,0,5
way/154250701_1680,5,0,5
way/154987724_1681,1,1,1
way/155581989_1682,5,0,5
way/155581991_1683,0,5,0
way/155581996_1685,5,5,0
way/155581997_1686,5,0,5
way/155581999_1687,5,0,5
way/155582002_1689,5,0,5
way/155582003_1690,5,0,0
way/157261363_1691,5,1,0
way/157568501_1692,1,3,3
way/162383091_1693,3,5,3
way/163146318_1694,4,4,4
way/166700494_1695,5,5,5
way/166700495_1696,5,5,5
way/166700496_1697,1,5,5
way/167284777_1698,0,5,5
way/167284788_1699,5,0,5
way/167370357_1700,5,5,5
way/167370364_1702,0,5,0
way/167422740_1703,5,5,3
way/168162992_1704,3,3,3
way/168860544_1705,4,4,4
way/168860556_1706,5,0,5
way/168860557_1707,4,4,4
way/169149020_1708,3,3,3
way/169340899_1712,5,5,5
way/169340913_1713,0,0,5
way/169341746_1714,5,3,5
way/170658126_1715,0,4,0
way/171175321_1716,3,3,3
way/172057801_1717,0,0,0
way/172057802_1718,0,0,0
way/172057811_1719,0,5,0
way/172057819_1720,1,1,1
way/172061845_1721,0,0,0
way/172061847_1723,5,0,0
way/172061849_1724,0,0,0
way/172223941_1725,5,0,5
way/172404312_1729,0,0,0
way/172444340_1732,0,0,0
way/172984551_1735,5,0,5
way/172984552_1736,0,0,0
way/172984553_1737,5,0,5
way/172984554_1738,5,0,5
way/174314672_1741,5,0,5
way/174744965_1743,0,0,0
way/175934525_1744,5,0,5
way/176558291_1746,2,4,2
way/180869823_1750,1,1,1
way/182011757_1751,5,3,5
way/183083894_1753,4,4,4
way/183083895_1754,3,4,3
way/193847913_1755,3,3,3
way/194182781_1756,3,3,3
way/194182785_1757,3,3,3
way/194182788_1758,2,3,2
way/194187676_1759,3,3,3
way/200733397_1762,3,3,3
way/200733411_1764,5,0,0
way/200733452_1765,5,0,0
way/200733479_1766,0,5,0
way/200802128_1767,4,3,4
way/201114003_1768,4,4,4
way/201298411_1770,0,0,4
way/206021734_1773,4,4,4
way/206256565_1775,1,0,1
way/207458785_1778,5,3,0
way/208497648_1779,5,0,5
way/208744792_1780,5,0,5
way/208744793_1781,0,0,0
way/209015716_1782,3,3,3
way/218868549_1784,3,3,3
way/218868550_1785,3,3,3
way/220749339_1786,4,4,4
way/220932792_1789,1,5,1
way/223183077_1790,0,0,3
way/223277534_1791,3,3,3
way/223277536_1792,1,1,1
way/223277541_1793,4,4,4
way/223277542_1794,3,3,3
way/223412042_1795,1,1,1
way/223412043_1796,3,3,3
way/223412057_1797,3,3,3
way/223412067_1798,1,5,1
way/223412075_1799,3,3,3
way/223412106_1800,0,0,0
way/223412116_1802,3,3,3
way/223412124_1803,3,3,3
way/223969084_1804,2,2,2
way/223971300_1806,0,5,0
way/226457521_1808,2,3,2
way/228458521_1814,3,3,3
way/228761884_1815,5,0,5
way/228761886_1817,3,3,3
way/228964178_1820,2,2,2
way/228964180_1822,2,2,2
way/228964182_1824,2,2,2
way/229615502_1828,3,3,3
way/229615508_1830,3,3,3
way/229615511_1831,5,0,5
way/229615512_1832,2,3,2
way/229616693_1840,0,0,0
way/232676334_1842,1,1,1
way/232764836_1844,1,1,1
way/234318915_1854,4,4,4
way/234318943_1855,2,3,2
way/249442990_1860,3,3,3
way/250858767_1861,0,5,0
way/250938230_1863,5,3,5
way/250947233_1866,3,3,3
way/252635810_1871,5,0,5
way/252642479_1873,0,0,0
way/252642481_1874,3,3,3
way/252642483_1876,3,3,3
way/252754382_1877,3,3,3
way/252799289_1880,4,4,4
way/253301185_1884,2,2,2
way/253600126_1885,5,0,5
way/253643049_1886,1,5,1
way/253643054_1887,0,0,0
way/253643056_1888,1,0,1
way/253947699_1890,0,0,0
way/254399020_1892,3,3,3
way/255426512_1893,2,4,2
way/255426515_1894,3,3,4
way/255426517_1896,3,3,4
way/255426518_1897,4,4,4
way/255426519_1898,4,3,4
way/255430294_1899,2,2,2
way/255430297_1900,2,2,2
way/255430302_1901,2,2,2
way/255430305_1902,2,2,2
way/255430310_1904,2,2,2
way/255430314_1905,2,2,2
way/255430316_1906,2,2,2
way/255430319_1907,2,2,2
way/255430326_1909,5,0,5
way/255430329_1910,2,2,2
way/255565147_1915,3,3,3
way/255567295_1916,2,2,2
way/255569173_1917,3,3,3
way/255569179_1919,2,2,2
way/255569641_1920,3,3,3
way/255576461_1921,5,1,0
way/258161228_1924,0,0,0
way/258161231_1925,4,3,4
way/261131862_1928,5,0,5
way/261862072_1931,2,2,2
way/261862076_1932,2,2,2
way/261862079_1933,2,2,2
way/261862090_1937,4,4,4
way/266505028_1939,0,0,0
way/273759714_1941,3,3,3
way/275805725_1942,3,3,3
way/275805727_1944,0,0,0
way/292025241_1946,5,0,0
way/292025242_1947,5,3,5
way/297253691_1948,0,0,0
way/300815617_1949,2,2,2
way/300815619_1950,2,2,2
way/300815620_1951,2,2,2
way/300815642_1952,2,2,2
way/303737279_1953,4,3,4
way/307354299_1957,5,5,5
way/307354300_1958,5,3,5
way/309584591_1959,5,0,5
way/311563376_1961,1,1,1
way/314026647_1962,2,2,2
way/314026649_1963,2,2,2
way/314026653_1965,2,2,2
way/324544971_1974,5,0,0
way/324868442_1975,5,3,5
way/327493731_1977,5,1,5
way/327493732_1978,5,0,5
way/330290575_1983,3,3,3
way/330292452_1984,2,3,2
way/330292453_1985,2,3,2
way/330717356_1987,1,5,1
way/330720937_1988,3,3,3
way/330720938_1989,0,4,4
way/330724158_1992,0,0,0
way/330730447_1993,5,0,5
way/330730450_1995,3,3,3
way/330732455_1999,5,0,5
way/330931301_2000,2,3,2
way/332198808_2003,4,4,4
way/332198809_2004,2,4,2
way/332198810_2005,2,4,2
way/334000829_2007,3,5,3
way/334000836_2010,3,5,3
way/334074624_2011,3,3,3
way/334316041_2014,2,2,2
way/334541664_2015,3,3,3
way/334657874_2016,4,4,4
way/334658737_2018,1,5,1
way/334658738_2019,1,1,1
way/338198458_2023,0,0,0
way/338202531_2028,5,0,5
way/338202535_2029,0,0,0
way/338209832_2030,0,0,0
way/338209835_2033,5,0,5
way/338209838_2035,0,0,0
way/338211749_2042,0,0,0
way/338213891_2043,4,4,4
way/338216467_2045,5,0,5
way/346024350_2046,4,4,4
way/346083929_2047,4,4,4
way/348714059_2050,2,3,2
way/348924388_2051,2,3,2
way/361156394_2054,3,3,3
way/362065922_2056,0,0,0
way/362597609_2066,0,0,0
way/362646233_2067,1,5,1
way/362646234_2068,1,5,1
way/362646240_2074,3,3,3
way/362649865_2082,0,0,0
way/362649868_2084,0,0,0
way/362651540_2085,4,4,4
way/362651541_2086,4,4,4
way/362651542_2087,0,0,0
way/362651547_2092,2,4,2
way/362651548_2093,2,4,2
way/362651549_2094,2,4,2
way/362656278_2097,4,4,4
way/362656281_2098,3,0,3
way/362656317_2106,0,0,0
way/362656322_2107,5,0,5
way/364434822_2115,0,5,0
way/364434826_2119,2,3,2
way/364437785_2122,0,0,0
way/364437786_2123,0,5,0
way/364563684_2131,1,5,1
way/365007947_2132,5,0,0
way/367007335_2134,0,0,0
way/367853843_2135,3,3,3
way/368352105_2138,4,4,4
way/371235926_2140,3,3,3
way/373872196_2143,5,0,5
way/373992049_2144,4,0,4
way/383606343_2146,1,1,1
way/386641407_2149,1,1,1
way/387224953_2151,1,5,1
way/397147435_2153,2,2,2
way/402949953_2155,3,3,3
way/404645302_2156,0,5,0
way/407899064_2158,4,0,4
way/410655500_2164,5,5,3
way/411783541_2166,3,3,3
way/411785491_2171,5,5,5
way/412034123_2174,5,0,5
way/412069339_2176,2,3,2
way/412964317_2177,0,0,0
way/420390115_2178,4,4,4
way/422057601_2181,3,3,3
way/422057604_2182,3,3,3
way/422223583_2184,4,4,4
way/424754585_2188,4,4,4
way/425105903_2190,3,3,3
way/425114570_2192,3,3,3
way/425319423_2196,4,4,4
way/425319425_2197,4,4,4
way/425319426_2198,4,4,4
way/425319429_2200,4,4,4
way/425319430_2201,4,4,4
way/425319607_2202,0,0,0
way/425319609_2204,4,4,4
way/425320667_2208,4,3,3
way/426030468_2216,0,5,0
way/426352346_2222,4,4,4
way/426363004_2224,1,1,1
way/426609449_2225,0,5,3
way/426848828_2226,3,3,3
way/426848839_2228,3,3,3
way/427469750_2238,2,3,2
way/427469751_2239,3,3,3
way/427469752_2240,3,3,3
way/427469754_2242,3,3,3
way/430806273_2245,3,3,3
way/430806277_2246,3,3,3
way/430808044_2247,3,3,3
way/430808769_2251,4,4,4
way/430812118_2255,4,4,4
way/430820679_2258,3,5,3
way/430824182_2265,0,0,0
way/430826798_2272,0,5,0
way/430859362_2275,0,5,0
way/430859363_2276,4,4,4
way/431067145_2286,0,0,0
way/431833359_2291,5,0,5
way/432220585_2295,5,5,5
way/432220587_2297,5,0,5
way/432952061_2299,0,0,0
way/437071728_2302,3,3,3
way/437071730_2304,2,3,2
way/437071735_2307,2,4,2
way/437071739_2309,4,4,4
way/437652328_2312,4,4,4
way/437652630_2313,4,4,4
way/437996447_2316,4,4,4
way/443783341_2318,3,3,3
way/446839598_2320,3,5,3
way/450502934_2326,3,3,3
way/450504279_2335,2,2,2
way/450505045_2344,3,3,3
way/450505724_2350,2,3,2
way/450505725_2351,2,3,2
way/450505729_2353,2,4,2
way/450505732_2356,2,4,2
way/450505733_2357,4,4,4
way/453578294_2372,1,0,0
way/455100702_2374,1,1,1
way/459659146_2380,3,3,3
way/459846704_2382,3,3,3
way/460917781_2383,1,1,1
way/464286615_2384,3,3,3
way/467051370_2386,3,3,3
way/471961259_2387,3,3,3
way/471961945_2388,3,3,3
way/472203561_2389,2,3,2
way/478350057_2393,5,5,0
way/480668414_2394,5,0,5
way/482926942_2395,2,2,2
way/482926946_2396,2,2,2
way/482926949_2397,2,2,2
way/482926953_2398,2,2,2
way/482926965_2400,2,2,2
way/485734426_2405,2,3,2
way/487682923_2417,3,3,3
way/487683367_2418,3,3,3
way/488501937_2419,5,0,5
way/488502339_2422,4,4,4
way/488549119_2426,3,3,3
way/488549120_2427,0,0,0
way/488703737_2428,4,3,4
way/492612360_2437,3,3,3
way/492612361_2438,3,3,3
way/494446409_2440,1,3,3
way/496874991_2442,4,4,4
way/497490369_2444,5,0,5
way/497753823_2445,3,3,3
way/503422795_2450,3,3,3
way/507340404_2453,0,0,0
way/509010776_2454,0,5,0
way/509010778_2455,0,5,0
way/509251734_2456,4,4,4
way/509507962_2470,2,2,2
way/509905219_2471,5,3,3
way/512161344_2472,4,3,4
way/512161346_2474,3,3,3
way/512161348_2476,4,4,4
way/512161349_2477,3,3,3
way/512161350_2478,4,3,4
way/512162589_2479,2,4,2
way/512162591_2480,2,3,2
way/516671248_2484,3,3,3
way/517763020_2487,3,3,3
way/518922390_2488,0,3,0
way/519135235_2491,3,3,3
way/521337800_2498,3,3,3
way/526449810_2500,0,0,0
way/526452118_2503,0,0,0
way/526493107_2505,3,3,3
way/526493110_2507,3,3,3
way/526498645_2513,3,3,3
way/526500460_2514,5,1,5
way/526511294_2515,3,3,3
way/526884186_2517,3,3,3
way/526884318_2523,3,3,3
way/527059572_2530,3,3,3
way/527068570_2532,0,3,0
way/527568020_2534,0,0,0
way/528186602_2539,2,3,2
way/528726905_2543,3,3,3
way/528730157_2544,3,3,3
way/528737930_2550,3,3,3
way/529273787_2553,4,4,4
way/533036324_2561,3,4,3
way/533055679_2566,0,5,0
way/533126062_2568,0,0,0
way/533126063_2569,0,0,0
way/533130141_2572,0,0,0
way/533597115_2576,3,3,3
way/533597121_2578,3,3,3
way/533597122_2579,5,0,5
way/534663752_2581,0,0,0
way/534663756_2583,2,3,2
way/534666287_2585,2,3,2
way/537079485_2589,3,3,3
way/539447540_2592,4,0,4
way/541407047_2595,5,3,3
way/544633835_2601,3,3,3
way/544633838_2602,3,3,3
way/546364910_2611,3,3,3
way/546364925_2612,3,0,3
way/546364928_2613,3,0,3
way/546366076_2614,3,3,3
way/546366077_2615,3,3,3
way/546366080_2616,3,3,3
way/546366084_2617,3,3,3
way/549928245_2652,5,5,5
way/550272687_2653,4,4,4
way/551661880_2661,4,4,4
way/553369608_2662,2,2,2
way/553369609_2663,2,2,2
way/553369610_2664,2,2,2
way/553369612_2665,4,0,4
way/555576490_2669,2,2,2
way/555576495_2670,2,2,2
way/555576501_2672,2,2,2
way/555576506_2673,2,2,2
way/557278782_2683,5,0,5
way/558182844_2684,0,5,0
way/560839763_2691,1,0,1
way/561135369_2694,3,3,3
way/571665980_2695,5,3,0
way/572665943_2696,4,4,4
way/573483627_2700,5,0,5
way/573483629_2701,2,3,2
way/576359824_2705,0,0,0
way/576359837_2707,0,0,0
way/576360833_2710,5,0,5
way/576360835_2712,0,0,0
way/580518157_2717,5,0,5
way/586742955_2724,1,1,1
way/595073839_2729,0,5,0
way/601241137_2732,5,0,5
way/602245399_2734,2,3,2
way/604459374_2736,0,0,0
way/606492539_2737,3,3,3
way/606492540_2738,3,3,3
way/606492546_2744,1,5,1
way/606492549_2747,0,0,0
way/606864418_2750,0,5,0
way/608970694_2752,1,1,1
way/608971311_2753,1,1,1
way/609253595_2756,2,3,2
way/631368283_2763,0,0,0
way/633468202_2764,5,0,5
way/636571400_2765,2,2,2
way/663116758_2769,3,3,3
way/663116761_2770,2,3,2
way/666372055_2771,5,3,5
way/668071191_2772,1,1,1
way/670075848_2779,3,0,4
way/670487460_2781,3,3,3
way/670487464_2782,5,0,0
way/670487466_2783,4,4,4
way/670703672_2784,4,3,4
way/670703673_2785,3,3,3
way/681476883_2795,5,0,5
way/682306449_2796,5,0,5
way/682306452_2797,0,5,0
way/690067927_2799,4,4,4
way/690515935_2801,5,0,0
way/691671207_2802,3,3,3
way/691671208_2803,3,3,3
way/700497966_2806,5,0,0
way/704859420_2808,0,0,0
way/720565357_2813,0,0,5
way/721311813_2816,3,3,3
way/722313630_2817,4,4,4
way/723069649_2819,4,4,4
way/723070807_2820,3,3,3
way/723070808_2821,2,3,2
way/723391890_2822,2,2,2
way/723392610_2825,4,4,4
way/724585306_2828,2,2,2
way/728098202_2829,5,0,5
way/738589112_2833,2,2,2
way/741295257_2834,1,1,1
way/743732902_2836,3,3,3
way/743732926_2838,2,4,2
way/743732927_2839,2,4,2
way/744627051_2843,4,4,4
way/744713194_2844,0,0,0
way/744756397_2845,0,0,0
way/749916467_2851,4,4,4
way/756241004_2852,2,4,2
way/756534137_2853,5,0,5
way/759868017_2858,3,3,3
way/759868021_2860,3,3,3
way/759868022_2861,5,3,5
way/759868812_2866,5,3,3
way/759868815_2868,3,3,3
way/759870476_2873,3,3,3
way/759870480_2874,3,3,3
way/759870488_2878,3,3,3
way/760168341_2880,5,5,5
way/760168344_2881,0,0,0
way/767567559_2886,3,3,3
way/767957261_2892,5,0,5
way/767957273_2898,2,3,2
way/767957277_2899,3,3,3
way/768825931_2903,2,2,2
way/768825932_2904,2,2,2
way/769407066_2907,0,5,0
way/773840903_2913,2,3,2
way/773844167_2914,2,3,2
way/773844169_2915,2,2,2
way/773844170_2916,2,2,2
way/775702311_2924,2,2,2
way/778054154_2926,3,3,3
way/787400352_2927,3,0,3
way/788665728_2928,0,0,0
way/793762902_2942,0,0,0
way/802964150_2952,0,5,0
way/806455251_2953,0,0,0
way/816212084_2963,5,0,5
way/817545708_2965,0,0,0
way/823501577_2973,2,2,2
way/854923688_2980,2,3,2
way/857621082_2981,0,0,0
way/861290704_2989,5,0,5
way/869097665_2991,4,0,4
way/872768714_2993,4,4,4
way/909978606_3004,2,3,2
way/911555270_3009,3,3,3
way/942494150_3023,0,0,0
way/956318005_3033,4,3,4
way/956318007_3035,4,3,4
way/985862669_3040,0,0,0
way/992415242_3041,5,0,0
way/996920620_3044,0,0,0
way/1001935386_3049,1,1,1
way/1002409935_3051,0,3,0
way/1006122767_3054,0,0,0
way/1009398877_3056,5,0,5
way/1014345831_3062,5,0,5
way/1017837941_3067,1,5,1
way/1020572750_3080,5,0,5
way/1021751269_3082,4,4,4
way/1021751273_3083,4,4,4
way/1023587206_3090,1,0,0
way/1024569006_3091,0,5,0
way/1024927011_3097,4,0,4
way/1024927012_3098,0,0,0
way/1024927013_3099,0,0,0
way/1028105362_3104,5,0,5
way/1029044950_3106,0,0,0
way/1032391940_3110,0,0,0
way/1036412259_3121,4,4,4
way/1036412261_3122,2,4,2
way/1038774507_3123,0,0,0
way/1039568528_3125,0,5,0
way/1040875296_3129,0,0,0
way/1041479182_3137,0,0,0
way/1041479184_3139,4,4,4
way/1043273880_3142,5,3,5
way/1044745101_3147,5,0,5
way/1054212896_3154,0,0,0
way/1060107093_3158,5,0,5
way/1062261259_3162,5,0,5
way/1067399940_3168,2,2,2
way/1069992387_3169,0,0,0
way/1082094450_3178,0,5,0
way/1089895665_3190,1,1,1
way/1091298515_3192,2,2,2
way/1091308322_3197,2,2,2
way/1092382247_3201,2,2,2
way/1101063766_3205,0,0,0
way/1101499349_3208,4,4,4
way/1103566675_3222,5,0,5
way/1103599501_3223,2,3,2
way/1103678837_3232,5,3,5
way/1107999080_3239,3,3,3
way/1146994716_3253,3,3,3
way/1148162854_3256,0,0,0
way/1154226635_3264,0,0,0
way/1156933535_3268,1,5,1
way/1159201161_3270,5,0,5
way/1159201162_3271,4,3,4
way/1165107234_3273,0,0,0
way/1165107235_3274,0,0,0
way/1165107236_3275,4,0,4
way/1165107238_3277,4,0,4
way/1165454129_3288,4,4,4
way/1167379043_3292,4,4,4
way/1167379044_3293,4,3,4
way/1167379046_3295,3,3,3
way/1167380366_3298,4,4,4
way/1176949012_3308,5,0,0
way/1178754225_3309,5,0,5
way/1193176890_3314,1,5,1
way/1205241185_3317,0,5,0
way/1223894185_3329,3,3,4
way/1225513716_3331,4,3,4
way/1228048082_3349,0,0,0
way/1228048083_3350,0,0,0
way/1228048129_3351,0,0,0
way/1244147317_3363,4,4,4
way/1250866876_3368,5,0,5
way/1259366770_3375,0,0,0
way/1259366890_3377,0,0,0
way/1269068681_3383,0,0,0
way/1284511764_3397,4,4,4
way/1284511771_3402,5,0,0
way/1284512873_3406,5,0,0
way/1284515962_3407,5,5,5
way/1289065183_3411,5,0,5
way/1289065266_3412,3,3,3
way/1290494926_3413,4,4,4
way/1304919905_3422,5,0,5
way/1313198234_3425,5,5,5
way/1317376328_3427,4,4,4
